<?xml version="1.0"?>
<adf>
  <banner>
    <details>
      <uniqueId>f56bfd315022df51b500d9dd14fa4091</uniqueId>
      <format>Standard</format>
      <name>burberry_banner_160x600_lip_crush_velvet</name>
      <events>1</events>
    </details>
    <settings>
      <responsiveWidth>0</responsiveWidth>
      <responsiveHeight>0</responsiveHeight>
      <landingPageTarget>_blank</landingPageTarget>
    </settings>
    <assets>
      <asset>
        <sourceType>src</sourceType>
        <fileName><![CDATA[burberry_banner_160x600_lip_crush_velvet]]></fileName>
        <clickTagNames>
          <clickTagName>clickTAG</clickTagName>
        </clickTagNames>
        <eventIds/>
      </asset>
    </assets>
    <bannerClickTags>
      <bannerClickTag name="clickTAG" displayName="clickTAG"><![CDATA[http://www.burberry.com]]></bannerClickTag>
    </bannerClickTags>
    <bannerEvents/>
    <variables/>
  </banner>
</adf>
